Symbol,Name,Sector,Industry,Full Time Employees,Total ESG Risk score,Environment Risk Score,Governance Risk Score,Social Risk Score,Controversy Level,Controversy Score,ESG Risk Percentile,ESG Risk Level
ENPH,"Enphase Energy, Inc.",Technology,Solar,3157.0,21.05,4.05,6.1,8.9,Unknown,2.0,32.0,Unknown
EMN,Eastman Chemical Company,Basic Materials,Specialty Chemicals,14000.0,25.3,12.8,6.6,5.8,Moderate Controversy Level,2.0,50.0,Medium
DPZ,Domino's Pizza Inc.,Consumer Cyclical,Restaurants,6500.0,29.2,10.6,6.3,12.2,Moderate Controversy Level,2.0,66.0,Medium
DAY,"Dayforce, Inc.",Technology,Software - Application,9084.0,21.05,4.05,6.1,8.9,Unknown,2.0,32.0,Unknown
DVA,Davita Inc.,Healthcare,Medical Care Facilities,70000.0,22.6,0.1,8.4,14.1,Moderate Controversy Level,2.0,38.0,Medium
DRI,"Darden Restaurants, Inc.",Consumer Cyclical,Restaurants,187384.0,27.5,7.9,4.6,15.0,Moderate Controversy Level,2.0,59.0,Medium
ZTS,Zoetis Inc.,Healthcare,Drug Manufacturers - Specialty & Generic,14100.0,18.8,3.2,8.7,6.8,Moderate Controversy Level,2.0,23.0,Low
ZBH,"Zimmer Biomet Holdings, Inc.",Healthcare,Medical Devices,18000.0,26.0,3.6,7.9,14.5,Moderate Controversy Level,2.0,53.0,Medium
ZBRA,Zebra Technologies Corporation,Technology,Communication Equipment,9750.0,21.05,4.05,6.1,8.9,Unknown,2.0,32.0,Unknown
YUM,"Yum! Brands, Inc.",Consumer Cyclical,Restaurants,35000.0,20.1,4.5,4.1,11.4,Moderate Controversy Level,2.0,28.0,Medium
XYL,Xylem Inc,Industrials,Specialty Industrial Machinery,23000.0,18.1,4.3,5.2,8.7,Low Controversy Level,1.0,21.0,Low
XEL,"Xcel Energy, Inc.",Utilities,Utilities - Regulated Electric,11311.0,26.5,12.7,4.5,9.3,Moderate Controversy Level,2.0,55.0,Medium
WYNN,Wynn Resorts Ltd,Consumer Cyclical,Resorts & Casinos,27800.0,25.7,3.4,10.6,11.8,Moderate Controversy Level,2.0,52.0,Medium
WTW,Willis Towers Watson Public Limited Companys,Financial Services,Insurance Brokers,48000.0,18.7,0.1,10.8,7.8,Moderate Controversy Level,2.0,23.0,Low
WMB,Williams Companies Inc.,Energy,Oil & Gas Midstream,5601.0,21.8,8.7,3.0,10.1,Moderate Controversy Level,2.0,35.0,Medium
WY,Weyerhaeuser Company,Real Estate,REIT - Specialty,9300.0,16.7,9.1,3.5,4.2,Moderate Controversy Level,2.0,16.0,Low
WRK,Westrock Company,Consumer Cyclical,Packaging & Containers,56100.0,21.05,4.05,6.1,8.9,Unknown,2.0,32.0,Unknown
WDC,Western Digital Corp.,Technology,Computer Hardware,53000.0,11.4,1.5,6.1,3.9,Moderate Controversy Level,2.0,4.0,Low
WST,"West Pharmaceutical Services, Inc.",Healthcare,Medical Instruments & Supplies,10600.0,21.05,4.05,6.1,8.9,Unknown,2.0,32.0,Unknown
WELL,Welltower Inc.,Real Estate,REIT - Healthcare Facilities,533.0,13.2,4.2,5.5,3.5,Low Controversy Level,1.0,7.0,Low
WFC,Wells Fargo & Co.,Financial Services,Banks - Diversified,224824.0,36.2,2.0,19.4,14.8,Severe Controversy Level,5.0,87.0,High
WEC,"Wec Energy Group, Inc.",Utilities,Utilities - Regulated Electric,7000.0,27.5,13.4,5.1,9.0,Low Controversy Level,1.0,59.0,Medium
WAT,Waters Corp,Healthcare,Diagnostics & Research,7900.0,14.6,1.4,5.1,8.2,None Controversy Level,2.0,10.0,Low
WM,"Waste Management, Inc.",Industrials,Waste Management,48000.0,16.6,8.1,3.3,5.2,Moderate Controversy Level,2.0,16.0,Low
WBD,"Warner Bros. Discovery, Inc. Series a",Communication Services,Entertainment,35300.0,21.05,4.05,6.1,8.9,Unknown,2.0,32.0,Unknown
WMT,Walmart Inc.,Consumer Defensive,Discount Stores,2100000.0,25.3,5.9,7.1,12.4,Significant Controversy Level,3.0,50.0,Medium
WBA,"Walgreens Boots Alliance, Inc",Healthcare,Pharmaceutical Retailers,330000.0,16.3,1.8,5.2,9.3,Significant Controversy Level,3.0,15.0,Low
WAB,Wabtec Inc.,Industrials,Railroads,29000.0,23.3,5.4,6.0,12.0,Moderate Controversy Level,2.0,42.0,Medium
GWW,"W.W. Grainger, Inc.",Industrials,Industrial Distribution,23200.0,16.0,4.5,5.9,5.6,Moderate Controversy Level,2.0,14.0,Low
WRB,W.R. Berkley Corporation,Financial Services,Insurance - Property & Casualty,8329.0,21.8,2.0,11.9,7.9,Low Controversy Level,1.0,35.0,Medium
VMC,Vulcan Materials Company,Basic Materials,Building Materials,10961.0,29.3,13.4,9.1,6.8,Moderate Controversy Level,2.0,66.0,Medium
VST,Vistra Corp.,Utilities,Utilities - Independent Power Producers,4870.0,21.05,4.05,6.1,8.9,Unknown,2.0,32.0,Unknown
V,Visa Inc.,Financial Services,Credit Services,21585.0,16.7,1.8,6.7,8.2,Significant Controversy Level,3.0,16.0,Low
VICI,Vici Properties Inc.,Real Estate,REIT - Diversified,28.0,21.05,4.05,6.1,8.9,Unknown,2.0,32.0,Unknown
VTRS,Viatris Inc.,Healthcare,Drug Manufacturers - Specialty & Generic,33000.0,21.05,4.05,6.1,8.9,Unknown,2.0,32.0,Unknown
VRTX,Vertex Pharmaceuticals Inc,Healthcare,Biotechnology,5400.0,22.7,0.8,6.6,15.4,Moderate Controversy Level,2.0,39.0,Medium
VZ,Verizon Communications,Communication Services,Telecom Services,104400.0,18.7,3.7,5.4,9.6,Significant Controversy Level,3.0,23.0,Low
VRSK,"Verisk Analytics, Inc.",Industrials,Consulting Services,7500.0,17.5,0.1,5.0,12.5,Low Controversy Level,1.0,19.0,Low
VRSN,Verisign Inc,Technology,Software - Infrastructure,907.0,21.3,4.7,5.8,10.8,Low Controversy Level,1.0,33.0,Medium
VLTO,Veralto Corporation,Industrials,Pollution & Treatment Controls,16000.0,21.05,4.05,6.1,8.9,Unknown,2.0,32.0,Unknown
VTR,"Ventas, Inc.",Real Estate,REIT - Healthcare Facilities,486.0,12.9,3.4,5.6,3.9,None Controversy Level,2.0,6.0,Low
VLO,Valero Energy Corporation,Energy,Oil & Gas Refining & Marketing,9886.0,32.6,20.1,5.0,7.4,Moderate Controversy Level,2.0,77.0,High
UHS,"Universal Health Services, Inc. Class B",Healthcare,Medical Care Facilities,96700.0,33.0,3.7,8.6,20.7,Significant Controversy Level,3.0,78.0,High
UNH,Unitedhealth Group Incorporated,Healthcare,Healthcare Plans,440000.0,15.3,0.0,5.6,9.7,Significant Controversy Level,3.0,12.0,Low
URI,"United Rentals, Inc.",Industrials,Rental & Leasing Services,26650.0,16.9,5.3,5.4,6.1,Low Controversy Level,1.0,17.0,Low
UPS,"United Parcel Service, Inc. Class B",Industrials,Integrated Freight & Logistics,500000.0,18.6,4.2,5.5,8.9,Moderate Controversy Level,2.0,23.0,Low
UAL,"United Airlines Holdings, Inc.",Industrials,Airlines,104500.0,28.6,10.8,5.0,12.8,Moderate Controversy Level,2.0,64.0,Medium
UNP,Union Pacific Corp.,Industrials,Railroads,31052.0,23.5,7.3,5.6,10.6,Moderate Controversy Level,2.0,42.0,Medium
ULTA,"Ulta Beauty, Inc.",Consumer Cyclical,Specialty Retail,20000.0,15.6,4.1,4.3,7.3,Moderate Controversy Level,2.0,13.0,Low
UDR,"Udr, Inc.",Real Estate,REIT - Residential,1397.0,13.9,3.7,6.3,3.9,Low Controversy Level,1.0,9.0,Low
UBER,"Uber Technologies, Inc.",Technology,Software - Application,30700.0,21.05,4.05,6.1,8.9,Unknown,2.0,32.0,Unknown
USB,U.S. Bancorp,Financial Services,Banks - Regional,70000.0,30.3,1.8,13.0,15.5,Significant Controversy Level,3.0,70.0,High
TSN,"Tyson Foods, Inc.",Consumer Defensive,Farm Products,139000.0,35.9,14.0,9.5,12.4,High Controversy Level,4.0,85.0,High
TYL,"Tyler Technologies, Inc.",Technology,Software - Application,7305.0,21.05,4.05,6.1,8.9,Unknown,2.0,32.0,Unknown
TFC,Truist Financial Corporation,Financial Services,Banks - Regional,49218.0,21.05,4.05,6.1,8.9,Unknown,2.0,32.0,Unknown
TRMB,Trimble Inc.,Technology,Scientific & Technical Instruments,12700.0,12.4,3.8,5.2,3.4,None Controversy Level,2.0,6.0,Low
TDG,Transdigm Group Incorporated,Industrials,Aerospace & Defense,15500.0,38.7,12.0,9.0,17.7,Moderate Controversy Level,2.0,90.0,High
TT,Trane Technologies Plc,Industrials,Building Products & Equipment,40000.0,15.2,4.4,5.1,5.7,Moderate Controversy Level,2.0,12.0,Low
TSCO,Tractor Supply Co,Consumer Cyclical,Specialty Retail,50000.0,16.1,3.4,4.5,8.2,Moderate Controversy Level,2.0,14.0,Low
TJX,"Tjx Companies, Inc.",Consumer Cyclical,Apparel Retail,349000.0,14.4,1.9,4.8,7.7,Moderate Controversy Level,2.0,10.0,Low
TMO,"Thermo Fisher Scientific, Inc.",Healthcare,Diagnostics & Research,122000.0,12.8,1.4,6.5,4.9,Significant Controversy Level,3.0,6.0,Low
DIS,The Walt Disney Company,Communication Services,Entertainment,173250.0,15.7,0.0,6.7,9.0,Moderate Controversy Level,2.0,13.0,Low
TRV,"The Travelers Companies, Inc.",Financial Services,Insurance - Property & Casualty,32967.0,20.3,1.0,10.0,9.3,Low Controversy Level,1.0,29.0,Medium
SO,The Southern Company,Utilities,Utilities - Regulated Electric,27819.0,33.0,14.7,7.3,11.0,Moderate Controversy Level,2.0,78.0,High
SHW,The Sherwin-Williams Company,Basic Materials,Specialty Chemicals,64088.0,29.4,14.3,5.8,9.2,Moderate Controversy Level,2.0,66.0,Medium
MOS,The Mosaic Company,Basic Materials,Agricultural Inputs,14049.0,33.5,13.9,8.6,11.1,Moderate Controversy Level,2.0,80.0,High
KR,The Kroger Co.,Consumer Defensive,Grocery Stores,414000.0,21.3,6.6,5.6,9.1,Significant Controversy Level,3.0,33.0,Medium
KHC,The Kraft Heinz Company,Consumer Defensive,Packaged Foods,36000.0,33.7,13.5,6.2,14.1,Significant Controversy Level,3.0,80.0,High
SJM,The J.M. Smucker Company,Consumer Defensive,Packaged Foods,5800.0,30.5,12.9,5.6,12.0,Moderate Controversy Level,2.0,71.0,High
IPG,"The Interpublic Group of Companies, Inc.",Communication Services,Advertising Agencies,56800.0,10.3,0.0,5.3,5.0,Low Controversy Level,1.0,3.0,Low
HSY,The Hershey Company,Consumer Defensive,Confectioners,18650.0,26.0,10.5,5.1,10.4,Significant Controversy Level,3.0,53.0,Medium
HIG,"The Hartford Financial Services Group, Inc.",Financial Services,Insurance - Property & Casualty,18700.0,16.6,1.8,7.6,7.2,Low Controversy Level,1.0,16.0,Low
EL,The Estee Lauder Companies Inc. Class A,Consumer Defensive,Household & Personal Products,44020.0,25.5,6.9,7.5,11.1,Moderate Controversy Level,2.0,51.0,Medium
COO,"The Cooper Companies, Inc.",Healthcare,Medical Instruments & Supplies,15000.0,17.5,2.7,6.0,8.8,Moderate Controversy Level,2.0,19.0,Low
CI,The Cigna Group,Healthcare,Healthcare Plans,70325.0,11.6,0.0,5.7,6.0,Moderate Controversy Level,2.0,3.0,Low
SCHW,The Charles Schwab Corporation,Financial Services,Capital Markets,32600.0,23.3,2.4,11.9,8.9,Moderate Controversy Level,2.0,41.0,Medium
ALL,The Allstate Corporation,Financial Services,Insurance - Property & Casualty,53000.0,22.0,1.0,10.9,10.1,Moderate Controversy Level,2.0,36.0,Medium
TXT,"Textron, Inc.",Industrials,Aerospace & Defense,35000.0,33.6,10.9,6.6,16.1,Moderate Controversy Level,2.0,80.0,High
TXN,Texas Instruments Incorporated,Technology,Semiconductors,34000.0,20.6,7.8,6.9,6.0,Moderate Controversy Level,2.0,30.0,Medium
TSLA,"Tesla, Inc.",Consumer Cyclical,Auto Manufacturers,140473.0,25.2,3.3,7.8,14.1,Significant Controversy Level,3.0,50.0,Medium
TER,"Teradyne, Inc.",Technology,Semiconductor Equipment & Materials,6600.0,17.0,7.1,5.0,4.9,None Controversy Level,2.0,17.0,Low
TFX,Teleflex Incorporated,Healthcare,Medical Instruments & Supplies,14500.0,29.6,4.8,8.7,16.1,Moderate Controversy Level,2.0,67.0,Medium
TDY,Teledyne Technologies Incorporated,Technology,Scientific & Technical Instruments,14900.0,21.05,4.05,6.1,8.9,Unknown,2.0,32.0,Unknown
TEL,Te Connectivity Ltd,Technology,Electronic Components,85000.0,14.8,5.8,4.6,4.4,None Controversy Level,2.0,11.0,Low
TGT,Target Corporation,Consumer Defensive,Discount Stores,415000.0,14.4,1.9,4.9,7.6,Significant Controversy Level,3.0,10.0,Low
TRGP,Targa Resources Corp.,Energy,Oil & Gas Midstream,3182.0,33.2,14.2,4.2,14.8,Moderate Controversy Level,2.0,79.0,High
TPR,"Tapestry, Inc.",Consumer Cyclical,Luxury Goods,12600.0,14.8,1.1,5.2,8.6,Moderate Controversy Level,2.0,11.0,Low
TTWO,Take-Two Interactive Software Inc,Communication Services,Electronic Gaming & Multimedia,12371.0,21.05,4.05,6.1,8.9,Unknown,2.0,32.0,Unknown
TMUS,"T-Mobile Us, Inc.",Communication Services,Telecom Services,67000.0,24.6,4.2,7.1,13.4,Significant Controversy Level,3.0,47.0,Medium
TROW,T Rowe Price Group Inc,Financial Services,Asset Management,7878.0,16.9,2.4,5.6,8.9,Low Controversy Level,1.0,17.0,Low
SYY,Sysco Corporation,Consumer Defensive,Food Distribution,72000.0,15.9,5.4,4.5,6.1,Moderate Controversy Level,2.0,14.0,Low
SNPS,Synopsys Inc,Technology,Software - Infrastructure,20300.0,14.4,3.3,4.2,6.9,None Controversy Level,2.0,10.0,Low
SYF,Synchrony Financial,Financial Services,Credit Services,20000.0,17.3,0.1,7.3,9.9,Moderate Controversy Level,2.0,18.0,Low
SMCI,"Super Micro Computer, Inc.",Technology,Computer Hardware,5126.0,21.05,4.05,6.1,8.9,Unknown,2.0,32.0,Unknown
SYK,Stryker Corporation,Healthcare,Medical Devices,52000.0,28.3,4.0,11.0,13.2,Moderate Controversy Level,2.0,62.0,Medium
STE,Steris Plc,Healthcare,Medical Devices,18000.0,21.05,4.05,6.1,8.9,Unknown,2.0,32.0,Unknown
STLD,Steel Dynamics Inc,Basic Materials,Steel,12600.0,33.0,10.6,8.1,14.4,Low Controversy Level,1.0,78.0,High
STT,State Street Corporation,Financial Services,Asset Management,45871.0,24.1,1.6,9.5,12.9,Low Controversy Level,1.0,45.0,Medium
SBUX,Starbucks Corp,Consumer Cyclical,Restaurants,381000.0,24.7,5.8,4.3,14.6,Significant Controversy Level,3.0,48.0,Medium
SWK,"Stanley Black & Decker, Inc.",Industrials,Tools & Accessories,50000.0,25.3,5.0,7.8,12.5,Moderate Controversy Level,2.0,50.0,Medium
LUV,Southwest Airlines Co.,Industrials,Airlines,74695.0,30.7,11.0,5.9,13.7,Moderate Controversy Level,2.0,71.0,High
SOLV,Solventum Corporation,Healthcare,Health Information Services,22000.0,21.05,4.05,6.1,8.9,Unknown,2.0,32.0,Unknown
SNA,Snap-on Incorporated,Industrials,Tools & Accessories,13200.0,30.5,9.0,7.6,13.9,Moderate Controversy Level,2.0,71.0,High
SWKS,Skyworks Solutions Inc,Technology,Semiconductors,9750.0,28.0,11.8,7.2,8.9,Low Controversy Level,1.0,61.0,Medium
SPG,"Simon Property Group, Inc.",Real Estate,REIT - Retail,2500.0,14.0,3.8,6.2,4.0,Low Controversy Level,1.0,9.0,Low
NOW,"Servicenow, Inc.",Technology,Software - Application,22668.0,16.6,4.0,6.6,6.0,None Controversy Level,2.0,16.0,Low
SRE,Sempra,Utilities,Utilities - Diversified,16835.0,23.6,10.9,4.9,7.8,Moderate Controversy Level,2.0,43.0,Medium
STX,Seagate Technology Holdings Plcs,Technology,Computer Hardware,33400.0,10.7,1.6,5.3,3.8,Low Controversy Level,1.0,2.0,Low
SLB,Schlumberger Limited,Energy,Oil & Gas Equipment & Services,111000.0,20.3,8.1,5.9,6.3,Low Controversy Level,1.0,29.0,Medium
SBAC,Sba Communications Corp,Real Estate,REIT - Specialty,1787.0,11.6,3.1,5.2,3.2,None Controversy Level,2.0,4.0,Low
CRM,"Salesforce, Inc.",Technology,Software - Application,72682.0,14.9,2.0,5.4,7.5,Low Controversy Level,1.0,11.0,Low
SPGI,S&p Global Inc.,Financial Services,Financial Data & Stock Exchanges,40450.0,13.0,0.0,6.8,6.2,Low Controversy Level,1.0,7.0,Low
RTX,Rtx Corporation,Industrials,Aerospace & Defense,185000.0,21.05,4.05,6.1,8.9,Unknown,2.0,32.0,Unknown
RCL,Royal Caribbean Group,Consumer Cyclical,Travel Services,98100.0,20.7,8.1,4.9,7.7,Significant Controversy Level,3.0,31.0,Medium
ROST,Ross Stores Inc,Consumer Cyclical,Apparel Retail,108000.0,18.2,1.8,5.7,10.8,Moderate Controversy Level,2.0,21.0,Low
ROP,"Roper Technologies, Inc.",Technology,Software - Application,16800.0,20.4,4.7,6.1,9.7,None Controversy Level,2.0,30.0,Medium
ROL,"Rollins, Inc.",Consumer Cyclical,Personal Services,19000.0,19.3,1.8,6.9,10.6,Low Controversy Level,1.0,26.0,Low
ROK,"Rockwell Automation, Inc.",Industrials,Specialty Industrial Machinery,29000.0,17.7,5.4,5.7,6.6,Moderate Controversy Level,2.0,19.0,Low
RHI,Robert Half Inc.,Industrials,Staffing & Employment Services,15000.0,10.9,0.1,3.4,7.4,Low Controversy Level,1.0,3.0,Low
RVTY,"Revvity, Inc.",Healthcare,Diagnostics & Research,11000.0,16.7,0.8,5.8,10.1,Moderate Controversy Level,2.0,16.0,Low
RMD,Resmed Inc.,Healthcare,Medical Instruments & Supplies,21585.0,26.4,3.5,10.4,12.4,Low Controversy Level,1.0,55.0,Medium
RSG,Republic Services Inc.,Industrials,Waste Management,41000.0,20.9,11.2,3.7,6.0,Significant Controversy Level,3.0,31.0,Medium
RF,Regions Financial Corp.,Financial Services,Banks - Regional,20101.0,16.9,1.8,8.4,6.7,Moderate Controversy Level,2.0,17.0,Low
REGN,Regeneron Pharmaceuticals Inc,Healthcare,Biotechnology,13677.0,18.0,0.3,6.7,11.0,Moderate Controversy Level,2.0,21.0,Low
REG,Regency Centers Corporation,Real Estate,REIT - Retail,492.0,11.7,3.7,4.8,3.2,None Controversy Level,2.0,5.0,Low
O,Realty Income Corporation,Real Estate,REIT - Retail,418.0,15.5,4.4,5.7,5.3,Moderate Controversy Level,2.0,13.0,Low
RJF,"Raymond James Financial, Inc.",Financial Services,Capital Markets,18000.0,27.0,2.3,13.4,11.2,Moderate Controversy Level,2.0,57.0,Medium
RL,Ralph Lauren Corporation,Consumer Cyclical,Apparel Manufacturing,14800.0,14.6,1.2,5.6,7.8,Moderate Controversy Level,2.0,10.0,Low
DGX,Quest Diagnostics Inc.,Healthcare,Diagnostics & Research,50000.0,21.2,0.1,8.0,13.1,Significant Controversy Level,3.0,33.0,Medium
PWR,"Quanta Services, Inc.",Industrials,Engineering & Construction,52500.0,36.9,12.1,9.0,15.7,Moderate Controversy Level,2.0,88.0,High
QCOM,Qualcomm Inc,Technology,Semiconductors,50000.0,15.4,5.3,5.6,4.5,Significant Controversy Level,3.0,12.0,Low
QRVO,"Qorvo, Inc.",Technology,Semiconductors,8700.0,28.5,12.3,7.7,8.5,None Controversy Level,2.0,63.0,Medium
PHM,"Pultegroup, Inc.",Consumer Cyclical,Residential Construction,6382.0,21.4,9.2,4.9,7.3,Moderate Controversy Level,2.0,34.0,Medium
PSA,Public Storage,Real Estate,REIT - Industrial,6200.0,13.1,4.7,5.7,2.6,Low Controversy Level,1.0,7.0,Low
PEG,Public Service Enterprise Group Incorporated,Utilities,Utilities - Regulated Electric,12543.0,27.2,12.5,5.5,9.3,Moderate Controversy Level,2.0,58.0,Medium
PTC,"Ptc, Inc",Technology,Software - Application,7438.0,18.9,4.9,5.4,8.6,None Controversy Level,2.0,24.0,Low
PRU,"Prudential Financial, Inc.",Financial Services,Insurance - Life,40366.0,19.9,0.6,9.3,10.0,Low Controversy Level,1.0,28.0,Low
PLD,"Prologis, Inc.",Real Estate,REIT - Industrial,2574.0,10.3,2.7,5.0,2.5,Low Controversy Level,1.0,3.0,Low
PGR,Progressive Corporation,Financial Services,Insurance - Property & Casualty,61432.0,20.0,1.5,10.1,8.5,Moderate Controversy Level,2.0,28.0,Medium
PG,Procter & Gamble Company,Consumer Defensive,Household & Personal Products,107000.0,28.6,9.6,6.7,12.2,Significant Controversy Level,3.0,63.0,Medium
PFG,"Principal Financial Group, Inc.",Financial Services,Asset Management,19800.0,14.2,0.8,7.6,5.8,Low Controversy Level,1.0,9.0,Low
PPL,Ppl Corporation,Utilities,Utilities - Regulated Electric,6629.0,31.3,17.1,5.3,8.9,Moderate Controversy Level,2.0,74.0,High
PPG,"Ppg Industries, Inc.",Basic Materials,Specialty Chemicals,50000.0,25.2,11.0,6.5,7.7,Moderate Controversy Level,2.0,50.0,Medium
POOL,Pool Corporation,Industrials,Industrial Distribution,6000.0,21.05,4.05,6.1,8.9,Unknown,2.0,32.0,Unknown
PNC,Pnc Financial Services Group,Financial Services,Banks - Regional,54441.0,26.1,1.9,10.8,13.3,Significant Controversy Level,3.0,53.0,Medium
PNW,Pinnacle West Capital Corporation,Utilities,Utilities - Regulated Electric,6133.0,30.8,14.7,5.8,10.2,Low Controversy Level,1.0,72.0,High
PSX,Phillips 66,Energy,Oil & Gas Refining & Marketing,14000.0,35.4,20.8,5.8,8.8,Significant Controversy Level,3.0,84.0,High
PM,Philip Morris International Inc.,Consumer Defensive,Tobacco,82700.0,28.5,3.4,11.5,13.5,Significant Controversy Level,3.0,63.0,Medium
PCG,Pg&e Corporation,Utilities,Utilities - Regulated Electric,28010.0,30.4,9.6,5.4,15.4,High Controversy Level,4.0,70.0,High
PFE,Pfizer Inc.,Healthcare,Drug Manufacturers - General,88000.0,24.6,2.1,9.6,12.9,Significant Controversy Level,3.0,47.0,Medium
PEP,"Pepsico, Inc.",Consumer Defensive,Beverages - Non-Alcoholic,318000.0,22.1,7.3,5.2,9.6,Significant Controversy Level,3.0,36.0,Medium
PNR,Pentair Plc,Industrials,Specialty Industrial Machinery,10500.0,22.1,6.0,6.1,10.0,Low Controversy Level,1.0,36.0,Medium
PYPL,"Paypal Holdings, Inc.",Financial Services,Credit Services,27200.0,17.8,2.8,5.8,9.2,Moderate Controversy Level,2.0,20.0,Low
PAYC,"Paycom Software, Inc.",Technology,Software - Application,7308.0,21.05,4.05,6.1,8.9,Unknown,2.0,32.0,Unknown
PAYX,Paychex Inc,Industrials,Staffing & Employment Services,16000.0,16.7,3.2,6.4,7.2,Low Controversy Level,1.0,16.0,Low
PH,Parker-Hannifin Corporation,Industrials,Specialty Industrial Machinery,62730.0,29.5,9.5,6.2,13.8,Moderate Controversy Level,2.0,67.0,Medium
PARA,Paramount Global Class B,Communication Services,Entertainment,21900.0,15.0,0.1,7.4,7.5,Significant Controversy Level,3.0,11.0,Low
PANW,"Palo Alto Networks, Inc.",Technology,Software - Infrastructure,15166.0,13.9,0.7,5.6,7.6,Low Controversy Level,1.0,9.0,Low
PKG,Packaging Corp of America,Consumer Cyclical,Packaging & Containers,14900.0,18.6,14.0,3.6,1.1,Low Controversy Level,1.0,23.0,Low
PCAR,Paccar Inc,Industrials,Farm & Heavy Construction Machinery,32400.0,27.6,8.4,8.3,11.0,Significant Controversy Level,3.0,60.0,Medium
OTIS,Otis Worldwide Corporation,Industrials,Specialty Industrial Machinery,71000.0,21.05,4.05,6.1,8.9,Unknown,2.0,32.0,Unknown
ORCL,Oracle Corp,Technology,Software - Infrastructure,164000.0,13.9,0.5,5.6,7.8,Moderate Controversy Level,2.0,9.0,Low
OKE,"Oneok, Inc.",Energy,Oil & Gas Midstream,4775.0,25.1,10.8,3.3,11.0,Low Controversy Level,1.0,50.0,Medium
ON,On Semiconductor Corp,Technology,Semiconductors,30000.0,22.4,11.8,4.9,5.7,Low Controversy Level,1.0,38.0,Medium
OMC,Omnicom Group Inc.,Communication Services,Advertising Agencies,75900.0,16.3,0.1,6.9,9.3,Low Controversy Level,1.0,15.0,Low
ODFL,Old Dominion Freight Line,Industrials,Trucking,22891.0,21.05,4.05,6.1,8.9,Unknown,2.0,32.0,Unknown
OXY,Occidental Petroleum Corporation,Energy,Oil & Gas E&P,12570.0,41.7,25.0,7.0,9.7,Moderate Controversy Level,2.0,93.0,Severe
ORLY,"O'reilly Automotive, Inc.",Consumer Cyclical,Specialty Retail,90601.0,12.1,0.1,3.8,8.1,Low Controversy Level,1.0,5.0,Low
NXPI,Nxp Semiconductors N.v.,Technology,Semiconductors,34200.0,19.8,8.6,5.8,5.4,Low Controversy Level,1.0,27.0,Low
NVR,"Nvr, Inc.",Consumer Cyclical,Residential Construction,6300.0,20.3,7.2,5.2,7.8,Low Controversy Level,1.0,29.0,Medium
NVDA,Nvidia Corp,Technology,Semiconductors,29600.0,13.6,2.3,6.3,4.9,Moderate Controversy Level,2.0,8.0,Low
NUE,Nucor Corporation,Basic Materials,Steel,32000.0,32.8,9.3,8.8,14.7,Moderate Controversy Level,2.0,78.0,High
NRG,"Nrg Energy, Inc.",Utilities,Utilities - Independent Power Producers,18131.0,32.0,16.8,5.7,9.5,Moderate Controversy Level,2.0,75.0,High
NCLH,Norwegian Cruise Line Holdings Ltd.s,Consumer Cyclical,Travel Services,41000.0,25.9,9.0,6.1,10.9,Moderate Controversy Level,2.0,53.0,Medium
NOC,Northrop Grumman Corp.,Industrials,Aerospace & Defense,101000.0,27.5,7.8,5.4,14.4,Moderate Controversy Level,2.0,59.0,Medium
NTRS,Northern Trust Corp,Financial Services,Asset Management,23000.0,23.9,1.9,10.2,11.8,Moderate Controversy Level,2.0,44.0,Medium
NSC,Norfolk Southern Corp.,Industrials,Railroads,20700.0,23.9,8.0,5.4,10.5,Significant Controversy Level,3.0,44.0,Medium
NDSN,Nordson Corp,Industrials,Specialty Industrial Machinery,7700.0,24.9,8.2,5.1,11.6,Low Controversy Level,1.0,49.0,Medium
NI,Nisource Inc.,Utilities,Utilities - Regulated Gas,7364.0,26.0,12.0,4.9,9.2,Significant Controversy Level,3.0,53.0,Medium
NKE,"Nike, Inc.",Consumer Cyclical,Footwear & Accessories,83700.0,19.6,3.0,6.7,10.0,Significant Controversy Level,3.0,27.0,Low
NEE,"Nextra Energy, Inc.",Utilities,Utilities - Regulated Electric,16800.0,23.3,9.4,5.6,8.3,Moderate Controversy Level,2.0,41.0,Medium
NWS,News Corporation Class B,Communication Services,Entertainment,25000.0,21.05,4.05,6.1,8.9,Unknown,2.0,32.0,Unknown
NWSA,News Corporation Class A,Communication Services,Entertainment,25000.0,11.5,0.0,6.7,4.7,Moderate Controversy Level,2.0,4.0,Low
NEM,Newmont Corporation,Basic Materials,Gold,21700.0,20.5,7.1,5.2,8.2,Significant Controversy Level,3.0,30.0,Medium
NFLX,Netflix Inc,Communication Services,Entertainment,13000.0,16.4,0.1,9.0,7.3,Moderate Controversy Level,2.0,15.0,Low
NTAP,"Netapp, Inc",Technology,Computer Hardware,21585.0,15.4,2.2,5.5,7.7,Low Controversy Level,1.0,12.0,Low
NDAQ,"Nasdaq, Inc.",Financial Services,Financial Data & Stock Exchanges,8568.0,13.1,0.0,7.4,5.6,Low Controversy Level,1.0,7.0,Low
MSCI,"Msci, Inc.",Financial Services,Financial Data & Stock Exchanges,5858.0,16.3,1.6,7.7,7.0,Low Controversy Level,1.0,15.0,Low
MSI,"Motorola Solutions, Inc.",Technology,Communication Equipment,21000.0,13.1,2.3,5.8,5.1,Low Controversy Level,1.0,7.0,Low
MS,Morgan Stanley,Financial Services,Capital Markets,80000.0,24.6,1.1,10.5,12.9,Moderate Controversy Level,2.0,47.0,Medium
MCO,Moody's Corporation,Financial Services,Financial Data & Stock Exchanges,15439.0,15.8,1.6,8.1,6.1,Moderate Controversy Level,2.0,14.0,Low
MNST,Monster Beverage Corporation,Consumer Defensive,Beverages - Non-Alcoholic,5254.0,29.2,12.1,5.1,12.0,Moderate Controversy Level,2.0,66.0,Medium
MPWR,"Monolithic Power Systems, Inc.",Technology,Semiconductors,3564.0,21.05,4.05,6.1,8.9,Unknown,2.0,32.0,Unknown
MDLZ,"Mondelez International, Inc. Class A",Consumer Defensive,Confectioners,91000.0,22.0,7.2,5.4,9.4,Significant Controversy Level,3.0,36.0,Medium
TAP,Molson Coors Beverage Company Class B,Consumer Defensive,Beverages - Brewers,16500.0,21.4,7.3,5.5,8.6,Moderate Controversy Level,2.0,33.0,Medium
MOH,"Molina Healthcare, Inc.",Healthcare,Healthcare Plans,18000.0,21.05,4.05,6.1,8.9,Unknown,2.0,32.0,Unknown
MHK,"Mohawk Industries, Inc.",Consumer Cyclical,"Furnishings, Fixtures & Appliances",43300.0,14.1,5.8,4.2,4.2,Moderate Controversy Level,2.0,9.0,Low
MRNA,"Moderna, Inc.",Healthcare,Biotechnology,5600.0,21.05,4.05,6.1,8.9,Unknown,2.0,32.0,Unknown
MAA,"Mid-America Apartment Communities, Inc.",Real Estate,REIT - Residential,2427.0,13.1,3.9,6.3,3.0,Low Controversy Level,1.0,7.0,Low
MSFT,Microsoft Corp,Technology,Software - Infrastructure,221000.0,15.1,1.5,6.1,7.5,Significant Controversy Level,3.0,11.0,Low
MU,"Micron Technology, Inc.",Technology,Semiconductors,43000.0,18.2,7.2,5.5,5.5,Moderate Controversy Level,2.0,21.0,Low
MCHP,Microchip Technology Inc,Technology,Semiconductors,22300.0,31.8,15.3,7.4,9.2,Low Controversy Level,1.0,75.0,High
MGM,Mgm Resorts International,Consumer Cyclical,Resorts & Casinos,58000.0,24.8,1.3,10.5,13.0,Moderate Controversy Level,2.0,48.0,Medium
MTD,Mettler-Toledo International,Healthcare,Diagnostics & Research,16000.0,13.1,1.0,4.7,7.4,None Controversy Level,2.0,7.0,Low
MET,"Metlife, Inc.",Financial Services,Insurance - Life,45000.0,16.4,0.7,8.8,7.0,Moderate Controversy Level,2.0,15.0,Low
META,"Meta Platforms, Inc. Class A",Communication Services,Internet Content & Information,69329.0,34.1,2.7,10.3,21.1,High Controversy Level,4.0,81.0,High
MRK,"Merck & Co., Inc.",Healthcare,Drug Manufacturers - General,70000.0,21.4,1.9,8.9,10.6,Significant Controversy Level,3.0,34.0,Medium
MDT,Medtronic Plc,Healthcare,Medical Devices,95000.0,22.8,1.8,7.6,13.4,Significant Controversy Level,3.0,39.0,Medium
MCK,Mckesson Corporation,Healthcare,Medical Distribution,45000.0,15.2,1.6,6.3,7.3,Significant Controversy Level,3.0,12.0,Low
MCD,Mcdonald's Corporation,Consumer Cyclical,Restaurants,100000.0,26.0,7.6,5.8,12.6,Significant Controversy Level,3.0,53.0,Medium
MKC,"Mccormick & Company, Incorporated Non-Vtg Cs",Consumer Defensive,Packaged Foods,13800.0,26.1,9.6,5.3,11.1,Moderate Controversy Level,2.0,53.0,Medium
MTCH,"Match Group, Inc",Communication Services,Internet Content & Information,2600.0,21.05,4.05,6.1,8.9,Unknown,2.0,32.0,Unknown
MA,Mastercard Incorporated,Financial Services,Credit Services,33400.0,17.1,2.2,8.3,6.7,High Controversy Level,4.0,17.0,Low
MAS,Masco Corporation,Industrials,Building Products & Equipment,18000.0,22.2,9.7,6.8,5.6,Low Controversy Level,1.0,37.0,Medium
MLM,Martin Marietta Materials,Basic Materials,Building Materials,9400.0,30.1,16.7,8.7,4.8,Moderate Controversy Level,2.0,69.0,High
MMC,"Marsh & Mclennan Companies, Inc.",Financial Services,Insurance Brokers,85000.0,21.1,0.1,9.7,11.3,Moderate Controversy Level,2.0,32.0,Medium
MAR,Marriot International Class A,Consumer Cyclical,Lodging,411000.0,21.4,8.6,3.7,9.2,Significant Controversy Level,3.0,34.0,Medium
MKTX,Marketaxess Holdings Inc.,Financial Services,Capital Markets,881.0,21.05,4.05,6.1,8.9,Unknown,2.0,32.0,Unknown
MPC,Marathon Petroleum Corporation,Energy,Oil & Gas Refining & Marketing,18200.0,30.5,17.1,5.3,8.1,Significant Controversy Level,3.0,71.0,High
MRO,Marathon Oil Corporation,Energy,Oil & Gas E&P,1681.0,37.7,21.1,7.6,9.1,Moderate Controversy Level,2.0,89.0,High
MTB,M&t Bank Corp.,Financial Services,Banks - Regional,21927.0,26.5,2.6,13.6,10.3,Low Controversy Level,1.0,55.0,Medium
LYB,Lyondellbasell Industries N.v. Class A,Basic Materials,Specialty Chemicals,20000.0,20.7,13.5,5.1,2.1,Moderate Controversy Level,2.0,31.0,Medium
LULU,Lululemon Athletica Inc.,Consumer Cyclical,Apparel Retail,38000.0,16.9,1.6,5.5,9.9,Moderate Controversy Level,2.0,17.0,Low
LOW,Lowe's Companies Inc.,Consumer Cyclical,Home Improvement Retail,300000.0,11.8,3.3,3.2,5.3,Moderate Controversy Level,2.0,5.0,Low
L,Loews Corporation,Financial Services,Insurance - Property & Casualty,12280.0,16.4,0.6,11.5,4.3,Moderate Controversy Level,2.0,15.0,Low
LMT,Lockheed Martin Corp.,Industrials,Aerospace & Defense,122000.0,30.2,8.0,7.1,15.1,Significant Controversy Level,3.0,70.0,High
LKQ,Lkq Corporation,Consumer Cyclical,Auto Parts,49000.0,11.1,3.8,3.3,4.0,Moderate Controversy Level,2.0,4.0,Low
LYV,Live Nation Entertainment Inc.,Communication Services,Entertainment,14700.0,21.05,4.05,6.1,8.9,Unknown,2.0,32.0,Unknown
LIN,Linde Plc,Basic Materials,Specialty Chemicals,66195.0,21.05,4.05,6.1,8.9,Unknown,2.0,32.0,Unknown
LEN,Lennar Corporation Class A,Consumer Cyclical,Residential Construction,12284.0,25.4,11.3,5.6,8.6,Moderate Controversy Level,2.0,51.0,Medium
LDOS,"Leidos Holdings, Inc.",Technology,Information Technology Services,47000.0,17.6,3.4,5.3,9.0,Moderate Controversy Level,2.0,19.0,Low
LVS,Las Vegas Sands Corp.,Consumer Cyclical,Resorts & Casinos,38400.0,18.7,2.3,8.7,7.7,Moderate Controversy Level,2.0,23.0,Low
LW,"Lamb Weston Holdings, Inc.",Consumer Defensive,Packaged Foods,10200.0,21.05,4.05,6.1,8.9,Unknown,2.0,32.0,Unknown
LRCX,Lam Research Corp,Technology,Semiconductor Equipment & Materials,17200.0,13.6,4.5,5.1,4.0,Low Controversy Level,1.0,8.0,Low
LH,Labcorp Holdings Inc.,Healthcare,Diagnostics & Research,67000.0,19.7,0.4,6.6,12.7,Moderate Controversy Level,2.0,27.0,Low
LHX,"L3harris Technologies, Inc.",Industrials,Aerospace & Defense,50000.0,21.05,4.05,6.1,8.9,Unknown,2.0,32.0,Unknown
KLAC,Kla Corporation,Technology,Semiconductor Equipment & Materials,15000.0,17.2,7.4,4.6,5.1,None Controversy Level,2.0,18.0,Low
KMI,"Kinder Morgan, Inc.",Energy,Oil & Gas Midstream,10891.0,19.0,8.3,3.5,7.2,Moderate Controversy Level,2.0,24.0,Low
KIM,Kimco Realty Corp.,Real Estate,REIT - Retail,660.0,10.9,2.3,6.0,2.6,None Controversy Level,2.0,4.0,Low
KMB,Kimberly-Clark Corp.,Consumer Defensive,Household & Personal Products,41000.0,28.5,10.4,7.6,10.4,Moderate Controversy Level,2.0,63.0,Medium
KEYS,"Keysight Technologies, Inc.",Technology,Scientific & Technical Instruments,15400.0,7.6,1.2,4.7,1.8,Low Controversy Level,1.0,1.0,Negligible
KEY,Keycorp,Financial Services,Banks - Regional,16752.0,21.4,1.6,10.7,9.2,Low Controversy Level,1.0,34.0,Medium
KDP,Keurig Dr Pepper Inc.,Consumer Defensive,Beverages - Non-Alcoholic,28100.0,21.05,4.05,6.1,8.9,Unknown,2.0,32.0,Unknown
KVUE,Kenvue Inc.,Consumer Defensive,Household & Personal Products,22000.0,21.05,4.05,6.1,8.9,Unknown,2.0,32.0,Unknown
K,Kellanova,Consumer Defensive,Packaged Foods,23000.0,28.4,10.6,4.4,13.4,Moderate Controversy Level,2.0,63.0,Medium
JNPR,Juniper Networks Inc,Technology,Communication Equipment,11144.0,14.8,1.8,5.8,7.2,Low Controversy Level,1.0,11.0,Low
JPM,Jpmorgan Chase & Co.,Financial Services,Banks - Diversified,311921.0,29.3,1.1,11.7,16.5,Significant Controversy Level,3.0,66.0,Medium
JCI,Johnson Controls International Plc,Industrials,Building Products & Equipment,100000.0,14.4,4.5,5.4,4.6,Significant Controversy Level,3.0,10.0,Low
JNJ,Johnson & Johnson,Healthcare,Drug Manufacturers - General,131900.0,24.0,0.9,8.0,15.0,High Controversy Level,4.0,45.0,Medium
JBHT,Jb Hunt Transport Services Inc,Industrials,Integrated Freight & Logistics,34718.0,14.8,3.3,5.0,6.6,Low Controversy Level,1.0,11.0,Low
J,Jacobs Solutions Inc.,Industrials,Engineering & Construction,60000.0,22.4,5.3,5.6,11.5,Significant Controversy Level,3.0,34.0,Medium
JBL,Jabil Inc.,Technology,Electronic Components,236000.0,21.05,4.05,6.1,8.9,Unknown,2.0,32.0,Unknown
IRM,Iron Mountain Inc.,Real Estate,REIT - Specialty,27000.0,14.5,5.0,5.8,3.7,Moderate Controversy Level,2.0,10.0,Low
IQV,Iqvia Holdings Inc.,Healthcare,Diagnostics & Research,87000.0,19.1,1.3,7.2,10.6,Moderate Controversy Level,2.0,25.0,Low
INVH,Invitation Homes Inc.,Real Estate,REIT - Residential,1555.0,21.05,4.05,6.1,8.9,Unknown,2.0,32.0,Unknown
IVZ,Invesco Ltd,Financial Services,Asset Management,8527.0,22.8,0.7,11.0,11.0,Moderate Controversy Level,2.0,39.0,Medium
ISRG,Intuitive Surgical Inc.,Healthcare,Medical Instruments & Supplies,13676.0,21.1,3.7,7.8,9.6,Low Controversy Level,1.0,32.0,Medium
INTU,Intuit Inc,Technology,Software - Application,18200.0,16.4,1.0,4.7,10.7,Moderate Controversy Level,2.0,15.0,Low
IP,International Paper Co.,Consumer Cyclical,Packaging & Containers,39000.0,24.5,15.1,4.8,4.5,Significant Controversy Level,3.0,47.0,Medium
IFF,International Flavors & Fragrances Inc.,Basic Materials,Specialty Chemicals,21500.0,22.7,10.5,6.6,5.6,Significant Controversy Level,3.0,39.0,Medium
IBM,International Business Machines Corporation,Technology,Information Technology Services,282200.0,14.1,1.8,6.1,6.2,Moderate Controversy Level,2.0,9.0,Low
ICE,Intercontinental Exchange Inc.,Financial Services,Financial Data & Stock Exchanges,13226.0,19.8,1.7,8.8,9.3,Low Controversy Level,1.0,27.0,Low
INTC,Intel Corp,Technology,Semiconductors,130700.0,18.9,4.9,6.6,7.3,Significant Controversy Level,3.0,24.0,Low
PODD,Insulet Corporation,Healthcare,Medical Devices,3000.0,21.05,4.05,6.1,8.9,Unknown,2.0,32.0,Unknown
IR,Ingersoll Rand Inc.,Industrials,Specialty Industrial Machinery,18000.0,21.05,4.05,6.1,8.9,Unknown,2.0,32.0,Unknown
INCY,Incyte Genomics Inc,Healthcare,Biotechnology,2524.0,24.8,1.1,7.4,16.3,Low Controversy Level,1.0,48.0,Medium
ILMN,Illumina Inc,Healthcare,Diagnostics & Research,10590.0,18.6,0.1,6.9,11.6,Significant Controversy Level,3.0,23.0,Low
ITW,Illinois Tool Works Inc.,Industrials,Specialty Industrial Machinery,45000.0,25.3,7.0,6.5,11.8,Moderate Controversy Level,2.0,50.0,Medium
IDXX,Idexx Laboratories Inc,Healthcare,Diagnostics & Research,11000.0,18.7,2.6,8.9,7.1,Low Controversy Level,1.0,23.0,Low
IEX,Idex Corporation,Industrials,Specialty Industrial Machinery,8800.0,29.3,10.3,5.3,13.7,None Controversy Level,2.0,66.0,Medium
HII,"Huntington Ingalls Industries, Inc.",Industrials,Aerospace & Defense,44000.0,21.05,4.05,6.1,8.9,Unknown,2.0,32.0,Unknown
HBAN,Huntington Bancshares Inc,Financial Services,Banks - Regional,19719.0,21.8,2.0,8.7,11.2,Moderate Controversy Level,2.0,35.0,Medium
HUM,Humana Inc.,Healthcare,Healthcare Plans,67600.0,22.5,0.0,5.7,16.7,Moderate Controversy Level,2.0,38.0,Medium
HUBB,Hubbell Incorporated,Industrials,Electrical Equipment & Parts,18400.0,19.6,5.6,4.9,9.1,None Controversy Level,2.0,27.0,Low
HPQ,Hp Inc.,Technology,Computer Hardware,58000.0,11.3,0.1,6.1,5.1,Moderate Controversy Level,2.0,4.0,Low
HWM,Howmet Aerospace Inc.,Industrials,Aerospace & Defense,23200.0,21.05,4.05,6.1,8.9,Unknown,2.0,32.0,Unknown
HST,"Host Hotels & Resorts, Inc.",Real Estate,REIT - Hotel & Motel,163.0,13.4,3.3,5.5,4.6,Low Controversy Level,1.0,7.0,Low
HRL,Hormel Foods Corporation,Consumer Defensive,Packaged Foods,20000.0,30.0,13.3,6.0,10.7,Significant Controversy Level,3.0,69.0,Medium
HON,"Honeywell International, Inc.",Industrials,Conglomerates,95000.0,28.6,11.0,7.0,10.6,Significant Controversy Level,3.0,64.0,Medium
HD,"Home Depot, Inc.",Consumer Cyclical,Home Improvement Retail,465000.0,12.6,3.3,3.8,5.6,Moderate Controversy Level,2.0,6.0,Low
HOLX,Hologic Inc,Healthcare,Medical Instruments & Supplies,6990.0,25.0,4.6,8.4,12.1,Low Controversy Level,1.0,49.0,Medium
HLT,Hilton Worldwide Holdings Inc.,Consumer Cyclical,Lodging,178000.0,17.6,6.1,4.4,7.0,Moderate Controversy Level,2.0,19.0,Low
HPE,Hewlett Packard Enterprise Company,Technology,Communication Equipment,62000.0,10.7,0.9,5.6,4.1,Moderate Controversy Level,2.0,3.0,Low
HES,Hess Corporation,Energy,Oil & Gas E&P,1756.0,33.1,18.9,7.0,7.2,Moderate Controversy Level,2.0,79.0,High
HSIC,Henry Schein Inc,Healthcare,Medical Distribution,25000.0,13.9,2.0,6.3,5.7,Moderate Controversy Level,2.0,9.0,Low
JKHY,Henry (Jack) & Associates,Technology,Information Technology Services,7120.0,18.7,4.3,5.7,8.7,None Controversy Level,2.0,23.0,Low
DOC,"Healthpeak Properties, Inc.",Real Estate,REIT - Healthcare Facilities,193.0,21.05,4.05,6.1,8.9,Unknown,2.0,32.0,Unknown
HCA,"Hca Healthcare, Inc.",Healthcare,Medical Care Facilities,220000.0,28.8,3.9,7.2,17.7,Significant Controversy Level,3.0,64.0,Medium
HAS,"Hasbro, Inc.",Consumer Cyclical,Leisure,5502.0,7.1,0.0,4.2,2.9,Moderate Controversy Level,2.0,1.0,Negligible
HAL,Halliburton Company,Energy,Oil & Gas Equipment & Services,49000.0,25.6,9.8,6.9,8.9,Moderate Controversy Level,2.0,52.0,Medium
GS,Goldman Sachs Group Inc.,Financial Services,Capital Markets,44400.0,25.5,0.9,11.8,12.8,Moderate Controversy Level,2.0,51.0,Medium
GL,Globe Life Inc.,Financial Services,Insurance - Life,3636.0,20.4,1.6,10.5,8.3,Moderate Controversy Level,2.0,29.0,Medium
GPN,"Global Payments, Inc.",Industrials,Specialty Business Services,27000.0,20.9,3.7,6.5,10.7,Low Controversy Level,1.0,31.0,Medium
GILD,Gilead Sciences Inc,Healthcare,Drug Manufacturers - General,18000.0,23.0,1.0,7.6,14.3,Moderate Controversy Level,2.0,40.0,Medium
GPC,Genuine Parts Company,Consumer Cyclical,Auto Parts,60000.0,13.7,4.7,3.8,5.2,Moderate Controversy Level,2.0,8.0,Low
GM,General Motors Company,Consumer Cyclical,Auto Manufacturers,163000.0,28.5,9.8,7.2,11.5,High Controversy Level,4.0,63.0,Medium
GIS,"General Mills, Inc.",Consumer Defensive,Packaged Foods,34000.0,21.1,8.3,4.1,8.7,Moderate Controversy Level,2.0,32.0,Medium
GE,General Electric Company,Industrials,Aerospace & Defense,125000.0,40.5,14.2,10.9,15.4,Significant Controversy Level,3.0,92.0,Severe
GD,General Dynamics Corporation,Industrials,Aerospace & Defense,111600.0,35.2,9.4,6.9,18.9,Significant Controversy Level,3.0,84.0,High
GNRC,Generac Holdings Inc,Industrials,Specialty Industrial Machinery,8315.0,21.05,4.05,6.1,8.9,Unknown,2.0,32.0,Unknown
GEN,Gen Digital Inc.,Technology,Software - Infrastructure,3400.0,16.9,3.3,5.4,8.2,Moderate Controversy Level,2.0,17.0,Low
GEV,Ge Vernova Inc.,Utilities,Utilities - Renewable,80000.0,21.05,4.05,6.1,8.9,Unknown,2.0,32.0,Unknown
GEHC,Ge Healthcare Technologies Inc.,Healthcare,Health Information Services,51000.0,21.05,4.05,6.1,8.9,Unknown,2.0,32.0,Unknown
IT,"Gartner, Inc.",Technology,Information Technology Services,20290.0,18.9,0.1,5.6,13.2,Low Controversy Level,1.0,24.0,Low
GRMN,Garmin Ltd,Technology,Scientific & Technical Instruments,19900.0,20.7,4.8,4.3,11.6,Low Controversy Level,1.0,30.0,Medium
FCX,Freeport-Mcmoran Inc.,Basic Materials,Copper,27200.0,31.6,15.3,6.4,10.0,High Controversy Level,4.0,74.0,High
BEN,"Franklin Resources, Inc.",Financial Services,Asset Management,10100.0,18.3,1.1,7.3,9.9,Moderate Controversy Level,2.0,22.0,Low
FOX,Fox Corporation Class B,Communication Services,Entertainment,10400.0,21.05,4.05,6.1,8.9,Unknown,2.0,32.0,Unknown
FOXA,Fox Corporation Class A,Communication Services,Entertainment,10400.0,21.05,4.05,6.1,8.9,Unknown,2.0,32.0,Unknown
FTV,Fortive Corporation,Technology,Scientific & Technical Instruments,18000.0,34.8,16.1,4.7,14.0,Low Controversy Level,1.0,83.0,High
FTNT,"Fortinet, Inc.",Technology,Software - Infrastructure,13522.0,18.9,2.5,6.4,10.0,Low Controversy Level,1.0,24.0,Low
F,Ford Motor Company,Consumer Cyclical,Auto Manufacturers,177000.0,22.4,7.4,8.5,6.4,Significant Controversy Level,3.0,37.0,Medium
FMC,Fmc Corporation,Basic Materials,Agricultural Inputs,6200.0,30.7,14.4,7.5,8.9,Low Controversy Level,1.0,72.0,High
FI,"Fiserv, Inc.",Technology,Information Technology Services,42000.0,19.6,4.1,6.8,8.7,Moderate Controversy Level,2.0,27.0,Low
FE,Firstenergy Corp.,Utilities,Utilities - Regulated Electric,12042.0,25.6,10.8,5.8,9.0,Significant Controversy Level,3.0,51.0,Medium
FSLR,"First Solar, Inc.",Technology,Solar,6700.0,21.05,4.05,6.1,8.9,Unknown,2.0,32.0,Unknown
FITB,Fifth Third Bancorp,Financial Services,Banks - Regional,18657.0,16.8,1.2,7.5,8.1,Moderate Controversy Level,2.0,17.0,Low
FIS,"Fidelity National Information Services, Inc.",Technology,Information Technology Services,60000.0,17.5,4.1,5.2,8.2,Low Controversy Level,1.0,19.0,Low
FDX,Fedex Corporation,Industrials,Integrated Freight & Logistics,328000.0,19.7,5.7,5.6,8.4,Moderate Controversy Level,2.0,27.0,Low
FRT,Federal Realty Investment Trust,Real Estate,REIT - Retail,297.0,12.4,2.3,5.8,4.3,Low Controversy Level,1.0,4.0,Low
FAST,Fastenal Co,Industrials,Industrial Distribution,20935.0,24.7,9.3,7.1,8.3,Moderate Controversy Level,2.0,48.0,Medium
FICO,Fair Isaac Corporation,Technology,Software - Application,3550.0,21.05,4.05,6.1,8.9,Unknown,2.0,32.0,Unknown
FDS,Factset Research Systems,Financial Services,Financial Data & Stock Exchanges,12279.0,18.4,4.3,5.3,8.8,Low Controversy Level,1.0,22.0,Low
FFIV,"F5, Inc.",Technology,Software - Infrastructure,6077.0,17.1,4.1,5.4,7.6,Low Controversy Level,1.0,18.0,Low
XOM,Exxon Mobil Corporation,Energy,Oil & Gas Integrated,62000.0,41.6,23.1,8.5,10.0,Significant Controversy Level,3.0,93.0,Severe
EXR,"Extra Space Storage, Inc.",Real Estate,REIT - Industrial,7618.0,15.2,4.2,7.3,3.7,Low Controversy Level,1.0,12.0,Low
EXPD,"Expeditors International of Washington, Inc.",Industrials,Integrated Freight & Logistics,18403.0,16.6,4.2,4.8,7.6,Moderate Controversy Level,2.0,16.0,Low
EXPE,"Expedia Group, Inc.",Consumer Cyclical,Travel Services,17100.0,27.6,4.3,10.1,13.3,Moderate Controversy Level,2.0,60.0,Medium
EXC,Exelon Corporation,Utilities,Utilities - Regulated Electric,19962.0,22.9,7.4,6.4,9.1,Significant Controversy Level,3.0,39.0,Medium
ES,Eversource Energy,Utilities,Utilities - Regulated Electric,10000.0,18.6,4.7,5.4,8.6,Moderate Controversy Level,2.0,23.0,Low
EVRG,"Evergy, Inc.",Utilities,Utilities - Regulated Electric,4658.0,21.05,4.05,6.1,8.9,Unknown,2.0,32.0,Unknown
EG,"Everest Group, Ltd.",Financial Services,Insurance - Reinsurance,2844.0,18.0,1.4,9.9,6.7,Low Controversy Level,1.0,20.0,Low
ETSY,"Etsy, Inc.",Consumer Cyclical,Internet Retail,2420.0,21.05,4.05,6.1,8.9,Unknown,2.0,32.0,Unknown
ESS,"Essex Property Trust, Inc",Real Estate,REIT - Residential,1747.0,12.4,3.5,6.1,2.8,Low Controversy Level,1.0,6.0,Low
EQR,Equity Residential,Real Estate,REIT - Residential,2400.0,11.9,3.0,6.1,2.9,Low Controversy Level,1.0,5.0,Low
EQIX,"Equinix, Inc. Reit",Real Estate,REIT - Specialty,13354.0,13.9,3.4,5.1,5.3,Low Controversy Level,1.0,9.0,Low
EFX,"Equifax, Incorporated",Industrials,Consulting Services,15000.0,23.2,0.1,6.8,16.3,Significant Controversy Level,3.0,41.0,Medium
EQT,Eqt Corp,Energy,Oil & Gas E&P,881.0,35.7,17.7,7.9,10.1,Low Controversy Level,1.0,85.0,High
EPAM,"Epam Systems, Inc.",Technology,Information Technology Services,53150.0,21.05,4.05,6.1,8.9,Unknown,2.0,32.0,Unknown
EOG,"Eog Resources, Inc.",Energy,Oil & Gas E&P,3050.0,34.2,20.2,7.3,6.7,Low Controversy Level,1.0,81.0,High
ETR,Entergy Corporation,Utilities,Utilities - Regulated Electric,12000.0,26.7,14.0,5.3,7.3,Moderate Controversy Level,2.0,56.0,Medium
EMR,Emerson Electric Co.,Industrials,Specialty Industrial Machinery,67000.0,28.4,8.8,6.6,13.1,Low Controversy Level,1.0,62.0,Medium
LLY,Eli Lilly & Co.,Healthcare,Drug Manufacturers - General,43000.0,24.3,2.5,9.1,12.6,Moderate Controversy Level,2.0,46.0,Medium
ELV,"Elevance Health, Inc.",Healthcare,Healthcare Plans,104900.0,11.4,0.1,5.3,6.0,Moderate Controversy Level,2.0,4.0,Low
EA,Electronic Arts Inc,Communication Services,Electronic Gaming & Multimedia,13700.0,13.3,0.1,4.7,8.4,Moderate Controversy Level,2.0,7.0,Low
EW,Edwards Lifesciences Corp,Healthcare,Medical Devices,19800.0,18.6,2.9,7.6,8.1,Low Controversy Level,1.0,23.0,Low
EIX,Edison International,Utilities,Utilities - Regulated Electric,13003.0,27.5,11.0,5.1,11.4,Significant Controversy Level,3.0,59.0,Medium
ECL,"Ecolab, Inc.",Basic Materials,Specialty Chemicals,48000.0,19.9,8.5,5.3,6.1,Moderate Controversy Level,2.0,27.0,Low
EBAY,Ebay Inc,Consumer Cyclical,Internet Retail,12300.0,17.6,2.7,7.2,7.7,Moderate Controversy Level,2.0,19.0,Low
ETN,"Eaton Corporation, Plcs",Industrials,Specialty Industrial Machinery,94000.0,17.9,5.5,5.7,6.8,Low Controversy Level,1.0,20.0,Low
DD,"Dupont De Nemours, Inc.",Basic Materials,Specialty Chemicals,24000.0,28.6,14.7,5.9,8.0,Significant Controversy Level,3.0,63.0,Medium
DUK,Duke Energy Corporation,Utilities,Utilities - Regulated Electric,27037.0,27.0,11.5,4.8,10.7,Moderate Controversy Level,2.0,57.0,Medium
DTE,Dte Energy Company,Utilities,Utilities - Regulated Electric,9608.0,29.8,15.0,4.7,10.0,Moderate Controversy Level,2.0,68.0,Medium
DOW,Dow Inc.,Basic Materials,Chemicals,35900.0,21.05,4.05,6.1,8.9,Unknown,2.0,32.0,Unknown
DOV,Dover Corporation,Industrials,Specialty Industrial Machinery,25000.0,25.9,8.0,5.4,12.5,Low Controversy Level,1.0,53.0,Medium
D,"Dominion Energy, Inc",Utilities,Utilities - Regulated Electric,17700.0,26.4,11.9,5.6,8.8,Moderate Controversy Level,2.0,55.0,Medium
DLTR,Dollar Tree Inc.,Consumer Defensive,Discount Stores,65894.0,20.1,3.3,4.0,12.8,Moderate Controversy Level,2.0,28.0,Medium
DG,Dollar General Corp.,Consumer Defensive,Discount Stores,185800.0,17.6,3.5,5.5,8.6,Moderate Controversy Level,2.0,19.0,Low
DFS,Discover Financial Services,Financial Services,Credit Services,21100.0,22.5,0.1,10.5,11.9,Moderate Controversy Level,2.0,38.0,Medium
DLR,"Digital Realty Trust, Inc.",Real Estate,REIT - Specialty,3664.0,12.6,2.8,7.0,2.8,None Controversy Level,2.0,6.0,Low
FANG,"Diamondback Energy, Inc.",Energy,Oil & Gas E&P,1023.0,21.05,4.05,6.1,8.9,Unknown,2.0,32.0,Unknown
DXCM,"Dexcom, Inc.",Healthcare,Medical Devices,9500.0,24.0,5.3,8.1,10.6,Low Controversy Level,1.0,45.0,Medium
DVN,Devon Energy Corporation,Energy,Oil & Gas E&P,1900.0,33.8,17.7,7.5,8.6,Moderate Controversy Level,2.0,80.0,High
DAL,"Delta Air Lines, Inc.",Industrials,Airlines,103000.0,30.3,9.9,5.8,14.6,Moderate Controversy Level,2.0,70.0,High
DE,Deere & Company,Industrials,Farm & Heavy Construction Machinery,83000.0,20.0,2.7,6.5,10.8,Moderate Controversy Level,2.0,28.0,Low
DECK,Deckers Outdoor Corp,Consumer Cyclical,Footwear & Accessories,4800.0,21.05,4.05,6.1,8.9,Unknown,2.0,32.0,Unknown
DHR,Danaher Corporation,Healthcare,Diagnostics & Research,61000.0,11.9,1.4,5.3,5.2,Moderate Controversy Level,2.0,5.0,Low
DHI,D.R. Horton Inc.,Consumer Cyclical,Residential Construction,13450.0,21.0,8.7,5.7,6.7,Moderate Controversy Level,2.0,32.0,Medium
CVS,Cvs Health Corporation,Healthcare,Healthcare Plans,219000.0,22.0,0.0,6.2,15.8,Significant Controversy Level,3.0,36.0,Medium
CMI,Cummins Inc.,Industrials,Specialty Industrial Machinery,75500.0,19.3,5.6,5.9,7.7,Moderate Controversy Level,2.0,25.0,Low
CSX,Csx Corporation,Industrials,Railroads,23400.0,21.9,7.0,4.8,10.0,Moderate Controversy Level,2.0,36.0,Medium
CCI,Crown Castle Inc.,Real Estate,REIT - Specialty,4700.0,10.1,4.1,4.3,1.7,None Controversy Level,2.0,3.0,Low
CTRA,Coterra Energy Inc.,Energy,Oil & Gas E&P,894.0,36.1,20.3,7.5,8.3,Moderate Controversy Level,2.0,86.0,High
COST,Costco Wholesale Corp,Consumer Defensive,Discount Stores,316000.0,23.3,6.5,5.6,11.2,Significant Controversy Level,3.0,41.0,Medium
CSGP,Costar Group Inc,Real Estate,Real Estate Services,6152.0,21.9,4.9,7.7,9.3,Low Controversy Level,1.0,36.0,Medium
CTVA,"Corteva, Inc.",Basic Materials,Agricultural Inputs,22500.0,21.05,4.05,6.1,8.9,Unknown,2.0,32.0,Unknown
CPAY,"Corpay, Inc.",Technology,Software - Infrastructure,10500.0,21.05,4.05,6.1,8.9,Unknown,2.0,32.0,Unknown
GLW,Corning Incorporated,Technology,Electronic Components,49800.0,16.5,5.5,6.1,4.8,Moderate Controversy Level,2.0,16.0,Low
CPRT,Copart Inc,Industrials,Specialty Business Services,12000.0,16.0,1.5,5.6,9.0,Low Controversy Level,1.0,14.0,Low
CEG,Constellation Energy Corporation,Utilities,Utilities - Renewable,13871.0,21.05,4.05,6.1,8.9,Unknown,2.0,32.0,Unknown
STZ,"Constellation Brands, Inc.",Consumer Defensive,Beverages - Wineries & Distilleries,10600.0,24.7,9.4,5.2,10.0,Moderate Controversy Level,2.0,48.0,Medium
ED,"Consolidated Edison, Inc.",Utilities,Utilities - Regulated Electric,14592.0,23.8,6.9,6.1,10.9,Significant Controversy Level,3.0,44.0,Medium
COP,Conocophillips,Energy,Oil & Gas E&P,10000.0,33.9,17.6,8.3,8.1,Moderate Controversy Level,2.0,81.0,High
CAG,"Conagra Brands, Inc.",Consumer Defensive,Packaged Foods,18600.0,30.8,10.7,4.7,15.4,Moderate Controversy Level,2.0,72.0,High
CMA,Comerica Incorporated,Financial Services,Banks - Regional,7619.0,25.2,2.5,11.7,11.0,Moderate Controversy Level,2.0,50.0,Medium
CMCSA,Comcast Corp,Communication Services,Telecom Services,186000.0,23.1,4.0,8.2,10.9,Moderate Controversy Level,2.0,41.0,Medium
CL,Colgate-Palmolive Company,Consumer Defensive,Household & Personal Products,34000.0,26.2,8.3,6.5,11.3,Moderate Controversy Level,2.0,54.0,Medium
CTSH,Cognizant Technology Solutions,Technology,Information Technology Services,344400.0,14.7,1.1,5.9,7.6,Moderate Controversy Level,2.0,10.0,Low
KO,Coca-Cola Company,Consumer Defensive,Beverages - Non-Alcoholic,79100.0,21.6,7.2,4.9,9.5,Significant Controversy Level,3.0,35.0,Medium
CMS,Cms Energy Corporation,Utilities,Utilities - Regulated Electric,8356.0,21.7,9.6,5.2,6.8,Moderate Controversy Level,2.0,35.0,Medium
CME,Cme Group Inc.,Financial Services,Financial Data & Stock Exchanges,3565.0,17.8,2.1,9.2,6.5,Low Controversy Level,1.0,20.0,Low
CLX,Clorox Company,Consumer Defensive,Household & Personal Products,8100.0,21.6,7.7,5.3,8.6,Moderate Controversy Level,2.0,35.0,Medium
CFG,"Citizens Financial Group, Inc.",Financial Services,Banks - Regional,17354.0,23.5,2.0,11.4,10.1,Moderate Controversy Level,2.0,42.0,Medium
C,Citigroup Inc.,Financial Services,Banks - Diversified,237000.0,29.2,1.8,13.7,13.8,High Controversy Level,4.0,66.0,Medium
CSCO,"Cisco Systems, Inc.",Technology,Communication Equipment,84900.0,13.9,0.4,6.5,6.9,Moderate Controversy Level,2.0,8.0,Low
CTAS,Cintas Corp,Industrials,Specialty Business Services,44500.0,18.1,3.0,5.9,9.2,Moderate Controversy Level,2.0,21.0,Low
CINF,Cincinnati Financial Corp,Financial Services,Insurance - Property & Casualty,5426.0,25.6,1.8,12.9,11.0,Low Controversy Level,1.0,52.0,Medium
CHD,"Church & Dwight Co., Inc.",Consumer Defensive,Household & Personal Products,5550.0,19.9,6.9,6.7,6.3,Low Controversy Level,1.0,27.0,Low
CB,Chubb Limited,Financial Services,Insurance - Property & Casualty,40000.0,23.6,1.5,10.6,11.5,Moderate Controversy Level,2.0,43.0,Medium
CMG,"Chipotle Mexican Grill, Inc.",Consumer Cyclical,Restaurants,120000.0,20.7,6.8,4.3,9.6,Moderate Controversy Level,2.0,30.0,Medium
CVX,Chevron Corporation,Energy,Oil & Gas Integrated,45600.0,36.6,17.0,10.4,9.2,Significant Controversy Level,3.0,87.0,High
CHTR,Charter Comm Inc Del Cl a,Communication Services,Telecom Services,101100.0,24.7,6.1,7.9,10.7,Moderate Controversy Level,2.0,48.0,Medium
CRL,"Charles River Laboratories International, Inc.",Healthcare,Diagnostics & Research,20400.0,21.05,4.05,6.1,8.9,Unknown,2.0,32.0,Unknown
CF,"Cf Industries Holding, Inc.",Basic Materials,Agricultural Inputs,2700.0,29.3,16.2,5.4,7.7,Low Controversy Level,1.0,66.0,Medium
CNP,"Centerpoint Energy, Inc.",Utilities,Utilities - Regulated Electric,8827.0,28.7,12.9,5.1,10.7,Moderate Controversy Level,2.0,64.0,Medium
CNC,Centene Corporation,Healthcare,Healthcare Plans,59900.0,19.9,0.1,6.5,13.3,Moderate Controversy Level,2.0,28.0,Low
COR,"Cencora, Inc.",Healthcare,Medical Distribution,46000.0,12.8,1.6,5.7,5.5,Significant Controversy Level,3.0,6.0,Low
CE,Celanese Corporation,Basic Materials,Chemicals,12400.0,26.1,14.7,5.6,5.9,Moderate Controversy Level,2.0,54.0,Medium
CDW,Cdw Corporation,Technology,Information Technology Services,11400.0,9.2,2.5,3.5,3.2,None Controversy Level,2.0,2.0,Negligible
CBRE,"Cbre Group, Inc.",Real Estate,Real Estate Services,130000.0,8.0,1.5,4.6,1.9,Low Controversy Level,1.0,2.0,Negligible
CBOE,"Cboe Global Markets, Inc.",Financial Services,Financial Data & Stock Exchanges,1647.0,21.0,2.7,10.6,7.6,Low Controversy Level,1.0,32.0,Medium
CAT,Caterpillar Inc.,Industrials,Farm & Heavy Construction Machinery,113200.0,36.2,10.4,8.1,17.7,High Controversy Level,4.0,86.0,High
CTLT,"Catalent, Inc.",Healthcare,Drug Manufacturers - Specialty & Generic,18000.0,21.05,4.05,6.1,8.9,Unknown,2.0,32.0,Unknown
CARR,Carrier Global Corporation,Industrials,Building Products & Equipment,53000.0,21.05,4.05,6.1,8.9,Unknown,2.0,32.0,Unknown
CCL,Carnival Corporation,Consumer Cyclical,Travel Services,106000.0,24.5,9.4,5.0,10.1,Significant Controversy Level,3.0,47.0,Medium
KMX,Carmax Inc.,Consumer Cyclical,Auto & Truck Dealerships,29836.0,12.1,0.1,4.0,8.0,Moderate Controversy Level,2.0,5.0,Low
CAH,"Cardinal Health, Inc.",Healthcare,Medical Distribution,47040.0,14.9,1.2,6.4,7.3,Significant Controversy Level,3.0,11.0,Low
COF,Capital One Financial,Financial Services,Credit Services,51300.0,22.5,0.1,10.1,12.3,Significant Controversy Level,3.0,38.0,Medium
CPB,Campbell Soup Company,Consumer Defensive,Packaged Foods,14500.0,23.5,10.9,4.5,8.1,Moderate Controversy Level,2.0,42.0,Medium
CPT,Camden Property Trust,Real Estate,REIT - Residential,1640.0,16.1,4.0,8.2,3.9,Low Controversy Level,1.0,14.0,Low
CZR,"Caesars Entertainment, Inc.",Consumer Cyclical,Resorts & Casinos,51000.0,21.05,4.05,6.1,8.9,Unknown,2.0,32.0,Unknown
CDNS,Cadence Design Systems,Technology,Software - Application,11200.0,12.0,2.3,4.8,4.9,None Controversy Level,2.0,5.0,Low
CHRW,"C.H. Robinson Worldwide, Inc.",Industrials,Integrated Freight & Logistics,14990.0,19.3,4.7,5.3,9.3,Low Controversy Level,1.0,26.0,Low
BG,Bunge Global Sa,Consumer Defensive,Farm Products,23000.0,32.9,14.4,5.3,13.3,Significant Controversy Level,3.0,78.0,High
BLDR,"Builders Firstsource, Inc.",Industrials,Building Products & Equipment,29000.0,21.05,4.05,6.1,8.9,Unknown,2.0,32.0,Unknown
BF.B,Brown-Forman Corporation Class B,Unknown,Unknown,21585.0,21.05,4.05,6.1,8.9,Unknown,2.0,32.0,Unknown
BRO,"Brown & Brown, Inc.",Financial Services,Insurance Brokers,16152.0,20.5,0.1,10.6,9.8,Low Controversy Level,1.0,30.0,Medium
BR,Broadridge Financial Solutions Inc,Technology,Information Technology Services,14000.0,16.6,4.2,4.9,7.5,Moderate Controversy Level,2.0,16.0,Low
AVGO,Broadcom Inc.,Technology,Semiconductors,20000.0,20.0,7.3,6.6,6.0,Significant Controversy Level,3.0,28.0,Low
BMY,Bristol-Myers Squibb Co.,Healthcare,Drug Manufacturers - General,34100.0,22.7,1.3,7.1,14.4,Moderate Controversy Level,2.0,39.0,Medium
BSX,Boston Scientific Corp.,Healthcare,Medical Devices,48000.0,23.1,2.4,8.9,11.9,Moderate Controversy Level,2.0,41.0,Medium
BXP,"Boston Properties, Inc.",Real Estate,REIT - Office,836.0,12.5,2.5,5.4,4.5,Low Controversy Level,1.0,6.0,Low
BWA,Borgwarner Inc.,Consumer Cyclical,Auto Parts,39900.0,12.6,2.7,5.7,4.2,Moderate Controversy Level,2.0,6.0,Low
BKNG,Booking Holdings Inc.,Consumer Cyclical,Travel Services,24000.0,19.2,1.0,8.1,10.1,Significant Controversy Level,3.0,25.0,Low
BA,Boeing Company,Industrials,Aerospace & Defense,171000.0,39.6,8.8,8.3,22.5,High Controversy Level,4.0,91.0,High
BX,Blackstone Inc.,Financial Services,Asset Management,4735.0,23.4,2.5,11.3,9.6,Moderate Controversy Level,2.0,42.0,Medium
BLK,"Blackrock, Inc.",Financial Services,Asset Management,19300.0,18.3,0.9,10.0,7.4,Moderate Controversy Level,2.0,21.0,Low
BIIB,Biogen Inc.,Healthcare,Drug Manufacturers - General,7570.0,22.2,0.4,7.4,14.5,Significant Controversy Level,3.0,37.0,Medium
TECH,Bio-Techne Corp.,Healthcare,Biotechnology,3200.0,21.05,4.05,6.1,8.9,Unknown,2.0,32.0,Unknown
BIO,"Bio-Rad Laboratories, Inc.Class A",Healthcare,Medical Devices,8000.0,17.4,1.2,7.0,9.2,Low Controversy Level,1.0,18.0,Low
BBY,"Best Buy Company, Inc.",Consumer Cyclical,Specialty Retail,85000.0,15.9,2.4,4.4,9.1,Moderate Controversy Level,2.0,14.0,Low
BRK-B,Berkshire Hathaway Class B,Financial Services,Insurance - Diversified,396500.0,20.7,1.0,14.8,4.9,Low Controversy Level,1.0,30.0,Medium
BDX,"Becton, Dickinson and Co.",Healthcare,Medical Instruments & Supplies,70000.0,23.8,3.0,7.1,13.6,Significant Controversy Level,3.0,44.0,Medium
BAX,Baxter International Inc.,Healthcare,Medical Instruments & Supplies,60000.0,23.6,2.8,7.1,13.6,Significant Controversy Level,3.0,43.0,Medium
BBWI,"Bath & Body Works, Inc.",Consumer Cyclical,Specialty Retail,8981.0,28.3,12.2,5.9,10.3,Moderate Controversy Level,2.0,62.0,Medium
BK,Bank of New York Mellon Corporation,Financial Services,Asset Management,52100.0,20.9,1.1,9.9,9.9,Moderate Controversy Level,2.0,31.0,Medium
BAC,Bank of America Corporation,Financial Services,Banks - Diversified,212000.0,28.3,1.7,11.5,15.1,Significant Controversy Level,3.0,62.0,Medium
BALL,Ball Corporation,Consumer Cyclical,Packaging & Containers,16000.0,12.1,7.6,3.7,0.8,Moderate Controversy Level,2.0,5.0,Low
BKR,Baker Hughes Company,Energy,Oil & Gas Equipment & Services,57000.0,21.05,4.05,6.1,8.9,Unknown,2.0,32.0,Unknown
AXON,"Axon Enterprise, Inc.",Industrials,Aerospace & Defense,3330.0,21.05,4.05,6.1,8.9,Unknown,2.0,32.0,Unknown
AVY,Avery Dennison Corp.,Consumer Cyclical,Packaging & Containers,35000.0,16.1,11.4,3.7,0.9,Low Controversy Level,1.0,14.0,Low
AVB,"Avalonbay Communities, Inc.",Real Estate,REIT - Residential,2978.0,9.8,3.0,4.8,2.0,Low Controversy Level,1.0,3.0,Negligible
AZO,"Autozone, Inc.",Consumer Cyclical,Specialty Retail,71400.0,11.0,0.1,3.8,7.1,Moderate Controversy Level,2.0,4.0,Low
ADP,Automatic Data Processing,Industrials,Staffing & Employment Services,63000.0,13.8,2.8,5.5,5.5,Low Controversy Level,1.0,8.0,Low
ADSK,Autodesk Inc,Technology,Software - Application,21585.0,16.8,3.7,4.9,8.2,None Controversy Level,2.0,16.0,Low
ATO,Atmos Energy Corporation,Utilities,Utilities - Regulated Gas,5019.0,34.6,14.8,6.4,13.4,Moderate Controversy Level,2.0,83.0,High
T,At&t Inc.,Communication Services,Telecom Services,148290.0,23.9,3.3,6.7,13.9,Significant Controversy Level,3.0,44.0,Medium
AIZ,"Assurant, Inc.",Financial Services,Insurance - Specialty,13600.0,24.1,1.6,11.7,10.8,Moderate Controversy Level,2.0,45.0,Medium
AJG,Arthur J. Gallagher & Co.,Financial Services,Insurance Brokers,49821.0,21.2,0.1,10.1,10.9,Moderate Controversy Level,2.0,33.0,Medium
ANET,Arista Networks,Technology,Computer Hardware,4023.0,16.7,0.4,7.4,8.9,Low Controversy Level,1.0,16.0,Low
ADM,Archer Daniels Midland Company,Consumer Defensive,Farm Products,40213.0,31.8,16.6,5.0,10.1,Significant Controversy Level,3.0,75.0,High
ACGL,Arch Capital Group Ltd,Financial Services,Insurance - Diversified,6400.0,22.5,1.5,10.9,10.1,Moderate Controversy Level,2.0,38.0,Medium
APTV,Aptiv Plc,Consumer Cyclical,Auto Parts,154000.0,10.7,1.5,5.3,3.9,Low Controversy Level,1.0,3.0,Low
AMAT,Applied Materials Inc,Technology,Semiconductor Equipment & Materials,34800.0,12.7,4.5,5.3,3.0,Low Controversy Level,1.0,6.0,Low
AAPL,Apple Inc.,Technology,Consumer Electronics,150000.0,17.2,0.5,9.4,7.4,Significant Controversy Level,3.0,18.0,Low
APA,Apa Corporation,Energy,Oil & Gas E&P,2271.0,38.8,22.0,8.0,8.9,Moderate Controversy Level,2.0,83.0,High
AON,Aon Plc Class A,Financial Services,Insurance Brokers,50000.0,21.05,4.05,6.1,8.9,Unknown,2.0,32.0,Unknown
ANSS,Ansys Inc,Technology,Software - Application,6200.0,15.9,3.5,5.1,7.3,None Controversy Level,2.0,14.0,Low
ADI,"Analog Devices, Inc.",Technology,Semiconductors,26000.0,22.9,9.3,7.0,6.7,Low Controversy Level,1.0,40.0,Medium
APH,Amphenol Corporation,Technology,Electronic Components,95000.0,19.6,7.3,7.6,4.6,Moderate Controversy Level,2.0,26.0,Low
AMGN,Amgen Inc,Healthcare,Drug Manufacturers - General,26700.0,22.0,0.7,7.8,13.5,Significant Controversy Level,3.0,36.0,Medium
AME,"Ametek, Inc.",Industrials,Specialty Industrial Machinery,21500.0,23.9,8.6,6.7,8.5,Low Controversy Level,1.0,44.0,Medium
AMP,"Ameriprise Financial, Inc.",Financial Services,Asset Management,13800.0,20.3,2.1,10.3,7.8,Moderate Controversy Level,2.0,29.0,Medium
AWK,"American Water Works Company, Inc",Utilities,Utilities - Regulated Water,6500.0,21.6,9.0,5.0,7.6,Low Controversy Level,1.0,34.0,Medium
AMT,American Tower Corporation,Real Estate,REIT - Specialty,5643.0,10.9,2.9,5.2,2.8,Low Controversy Level,1.0,4.0,Low
AIG,"American International Group, Inc.",Financial Services,Insurance - Diversified,25000.0,24.2,1.6,12.9,9.7,Moderate Controversy Level,2.0,46.0,Medium
AXP,American Express Company,Financial Services,Credit Services,74600.0,18.6,0.1,9.7,8.9,Moderate Controversy Level,2.0,23.0,Low
AEP,"American Electric Power Company, Inc.",Utilities,Utilities - Regulated Electric,16800.0,26.1,12.7,5.4,8.1,Moderate Controversy Level,2.0,54.0,Medium
AAL,American Airlines Group Inc.,Industrials,Airlines,132800.0,26.4,9.9,4.8,11.6,Moderate Controversy Level,2.0,54.0,Medium
AEE,Ameren Corporation,Utilities,Utilities - Regulated Electric,9372.0,27.2,12.9,5.3,9.1,Moderate Controversy Level,2.0,58.0,Medium
AMCR,Amcor Plcs,Consumer Cyclical,Packaging & Containers,41000.0,21.05,4.05,6.1,8.9,Unknown,2.0,32.0,Unknown
AMZN,Amazon.com Inc,Consumer Cyclical,Internet Retail,1525000.0,30.6,6.0,9.2,15.4,Significant Controversy Level,3.0,71.0,High
MO,"Altria Group, Inc.",Consumer Defensive,Tobacco,6400.0,31.3,6.1,7.6,17.6,Significant Controversy Level,3.0,74.0,High
GOOG,Alphabet Inc. Class C,Communication Services,Internet Content & Information,180895.0,21.05,4.05,6.1,8.9,Unknown,2.0,32.0,Unknown
GOOGL,Alphabet Inc. Class A,Communication Services,Internet Content & Information,180895.0,24.2,1.6,11.5,11.2,High Controversy Level,4.0,46.0,Medium
LNT,Alliant Energy Corporation,Utilities,Utilities - Regulated Electric,3281.0,21.4,8.5,6.3,6.6,None Controversy Level,2.0,33.0,Medium
ALLE,Allegion Public Limited Company,Industrials,Security & Protection Services,12200.0,21.8,10.9,5.0,5.8,None Controversy Level,2.0,35.0,Medium
ALGN,Align Technology Inc,Healthcare,Medical Devices,21670.0,21.05,4.05,6.1,8.9,Unknown,2.0,32.0,Unknown
ARE,"Alexandria Real Estate Equities, Inc.",Real Estate,REIT - Office,568.0,13.9,3.9,6.3,3.7,None Controversy Level,2.0,9.0,Low
ALB,Albemarle Corporation,Basic Materials,Specialty Chemicals,9000.0,26.6,15.4,6.3,4.8,Moderate Controversy Level,2.0,55.0,Medium
AKAM,Akamai Technologies Inc,Technology,Software - Infrastructure,10250.0,17.0,3.0,6.9,7.1,Low Controversy Level,1.0,17.0,Low
ABNB,"Airbnb, Inc. Class A",Consumer Cyclical,Travel Services,6907.0,21.05,4.05,6.1,8.9,Unknown,2.0,32.0,Unknown
APD,"Air Products & Chemicals, Inc.",Basic Materials,Specialty Chemicals,23000.0,12.3,7.4,3.3,1.5,Low Controversy Level,1.0,5.0,Low
A,Agilent Technologies Inc.,Healthcare,Diagnostics & Research,18000.0,13.6,1.1,6.1,6.4,Moderate Controversy Level,2.0,8.0,Low
AFL,Aflac Inc.,Financial Services,Insurance - Life,12785.0,18.3,0.3,8.9,9.1,Low Controversy Level,1.0,22.0,Low
AES,Aes Corporation,Utilities,Utilities - Diversified,9600.0,26.7,13.3,5.3,8.2,Moderate Controversy Level,2.0,56.0,Medium
AMD,Advanced Micro Devices,Technology,Semiconductors,26000.0,21.05,4.05,6.1,8.9,Unknown,2.0,32.0,Unknown
ADBE,Adobe Inc.,Technology,Software - Infrastructure,29945.0,13.1,1.9,5.2,6.0,Moderate Controversy Level,2.0,7.0,Low
ACN,Accenture Plc,Technology,Information Technology Services,742000.0,9.8,0.8,4.4,4.6,Moderate Controversy Level,2.0,3.0,Negligible
ABBV,Abbvie Inc.,Healthcare,Drug Manufacturers - General,50000.0,29.9,2.4,10.4,17.2,Significant Controversy Level,3.0,69.0,Medium
ABT,Abbott Laboratories,Healthcare,Medical Devices,114000.0,24.8,2.3,8.3,14.2,Significant Controversy Level,3.0,48.0,Medium
AOS,A.O. Smith Corporation,Industrials,Specialty Industrial Machinery,12000.0,25.4,7.2,6.4,11.9,Low Controversy Level,1.0,51.0,Medium
MMM,3m Company,Industrials,Conglomerates,85000.0,37.3,17.2,6.5,13.6,Severe Controversy Level,5.0,89.0,High
